State,District,Latitude,Longitude,District code,Population,Households,Households_with_Internet,LPG_or_PNG_Households,Households_with_Car_Jeep_Van,Households_with_Scooter_Motorcycle_Moped,Ownership_Owned_Households,Ownership_Rented_Households,sex_ratio
Andhra Pradesh,Adilabad,19.284513950073435,78.81321233480176,532,2741239,817714,5512,194954,8338,96998,559211,77594,100.0
Andhra Pradesh,Anantapur,14.312065561843148,77.4601584478577,553,4081148,1244428,8606,223016,9915,144214,779195,172680,98.0
Andhra Pradesh,Chittoor,13.33109263067696,78.92763898886037,554,4174064,1303870,13763,324406,16296,186568,815953,196720,100.0
Andhra Pradesh,East Godavari,16.782718320784902,82.2432074720511,545,5154296,1605841,22411,479914,25381,232073,1088823,278383,101.0
Andhra Pradesh,Guntur,15.884925767634847,80.58657614107885,548,4887813,1582990,19383,648568,17424,190079,981115,276073,100.0
Andhra Pradesh,Hyderabad,17.38971555555556,78.46668888888888,536,3943323,1066289,149034,581509,124106,439890,437146,422826,95.0
Andhra Pradesh,Karimnagar,18.515483193277312,79.43765428571413,534,3776269,1165280,8831,344667,14175,192965,823820,141432,101.0
Andhra Pradesh,Khammam,17.683921325051784,80.67008643892335,541,2797370,870625,8628,219710,11887,115078,616617,115379,101.0
Andhra Pradesh,Krishna,16.143872753151673,81.14805061000413,547,4517398,1476334,30438,632890,27969,212111,863382,328243,99.0
Andhra Pradesh,Kurnool,15.43759715142429,77.90086836581717,552,4053463,1090835,10081,195001,10622,118153,710444,156505,99.0
Andhra Pradesh,Mahbubnagar,16.639546224256293,77.98933089244859,538,4053028,1010015,6153,136843,12615,121553,800743,66068,98.0
Andhra Pradesh,Medak,17.889304978038055,78.13778901903379,535,3033288,789132,8635,163074,14362,119276,570933,90125,99.0
Andhra Pradesh,Nalgonda,17.113250515463907,79.16984453608244,539,3488809,1030937,7715,228818,18927,143010,760789,103172,98.0
Andhra Pradesh,Nizamabad,18.429485849056604,78.07523490566035,533,2551335,720298,5261,186740,10088,102049,490840,93887,104.0
Andhra Pradesh,Prakasam,15.489039001601704,80.11665790176184,549,3397448,1087575,6151,290947,9071,105940,717208,127205,98.0
Andhra Pradesh,Srikakulam,18.570900998697432,84.25874814010675,542,2703114,902436,3988,149554,5264,64087,610487,68045,101.0
Andhra Pradesh,Vizianagaram,18.28329696032972,83.45982854198873,543,2344474,749514,4453,140361,5002,61858,514227,68076,102.0
Andhra Pradesh,Warangal,18.01752608695651,79.87422028985509,540,3512576,1046987,12952,237349,15727,139404,761465,117060,100.0
Andhra Pradesh,West Godavari,16.63297943925236,81.45912990654196,546,3936966,1255628,12050,435334,14687,182698,836015,207958,100.0
Arunachal Pradesh,Changlang,27.36048479338845,96.37552644628106,253,148226,39920,170,4762,1102,2450,20141,5793,93.0
Arunachal Pradesh,East Kameng,27.371194055944056,93.04741486013997,247,78690,19718,57,3583,577,1382,12051,2014,103.0
Arunachal Pradesh,East Siang,28.15382352941176,95.06499226006191,251,99214,29021,450,4866,2072,4568,11640,5518,98.0
Arunachal Pradesh,Kurung Kumey,28.04853351800553,93.24531994459834,256,92076,19695,95,586,605,884,15458,410,103.0
Arunachal Pradesh,Lohit,27.946785273972623,96.59670770547945,259,145726,44971,312,6549,1203,3884,17340,7188,91.0
Arunachal Pradesh,Lower Dibang Valley,28.32651730103806,95.76567335640142,258,54080,15950,207,3068,703,2128,5317,3805,93.0
Arunachal Pradesh,Lower Subansiri,27.70849297297297,93.96226108108112,255,83030,23477,381,4211,2002,2973,11259,3062,98.0
Arunachal Pradesh,Papum Pare,27.273529716981127,93.54468183962264,248,176573,50488,2477,22966,6454,8668,15037,12769,98.0
Arunachal Pradesh,Tawang,27.680683962264148,91.82504245283016,245,49977,13182,96,3794,895,205,6820,2134,71.0
Arunachal Pradesh,Tirap,26.94406229508198,95.41470327868862,254,111975,24920,98,3104,679,1369,15861,2575,94.0
Arunachal Pradesh,Upper Siang,28.8309244897959,95.00155765306124,252,35320,10751,97,1504,430,1031,5393,1047,89.0
Arunachal Pradesh,Upper Subansiri,28.277196566523585,93.8991435622318,249,83448,19214,139,3123,569,1435,13420,1635,100.0
Arunachal Pradesh,West Kameng,27.46486582278483,92.65015750452083,246,83947,24195,202,7133,1299,1045,9390,5787,82.0
Arunachal Pradesh,West Siang,28.106296920289843,94.53510344202908,250,112274,30775,303,6115,1964,4023,14876,4678,93.0
Assam,Barpeta,26.427872264631056,90.97912010178116,303,1693622,499381,2078,50806,5560,24913,326160,7625,95.0
Assam,Bongaigaon,26.45012521994133,90.6734296187684,319,738804,220393,2523,29937,5837,16579,134382,12007,97.0
Assam,Cachar,24.815570668693017,92.86849650455927,316,1736617,435160,5316,62135,8700,22647,324905,25190,96.0
Assam,Darrang,26.58463215962442,92.04141338028155,325,928500,288706,1166,17676,3533,13662,180669,3789,95.0
Assam,Dhemaji,27.586533438485816,94.71336908517353,308,686133,228262,1192,16547,3504,12293,122182,5984,95.0
Assam,Dibrugarh,27.30612284482757,95.0998282327587,310,1326335,377015,8817,76292,21112,44664,195303,38157,96.0
Assam,Goalpara,26.017277777777807,90.59869891598912,302,1008183,268114,1364,21455,4112,15292,190189,4793,96.0
Assam,Golaghat,26.377219709794485,93.82583397823468,313,1066888,327083,3073,40889,9295,27300,193055,12450,96.0
Assam,Hailakandi,24.457496089385486,92.59154664804475,318,659296,175417,1211,11035,2583,5589,134032,4264,95.0
Assam,Jorhat,26.76244824016563,94.30197722567289,312,1092256,367154,5651,71639,16081,44159,196137,21137,96.0
Assam,Kamrup,26.170939452054807,91.58863273972592,321,1517542,434445,3109,70272,10052,34461,295002,7808,95.0
Assam,Karbi Anglong,26.08966454598031,93.11536570271832,314,956313,252876,1923,18763,3934,13699,155192,16484,95.0
Assam,Karimganj,24.69660712250711,92.3679498575498,317,1228686,294640,1933,28261,3757,7289,230546,10212,96.0
Assam,Kokrajhar,26.497246635730868,90.13997470997688,300,887142,222011,1218,15089,2996,12191,171597,4205,96.0
Assam,Lakhimpur,27.14128805970149,94.0775949253732,307,1042137,327933,1948,32104,6904,25699,183814,12407,97.0
Assam,Nagaon,26.26462170626351,92.9306191144708,305,2823768,799185,5121,89206,13979,47693,509358,32751,96.0
Assam,Nalbari,26.46323767605632,91.40598521126763,323,771639,238944,1631,37849,4785,18810,149314,4519,95.0
Assam,Sonitpur,26.73514926829268,92.85197804878044,306,1924110,547853,4358,70047,11760,39796,323644,22030,96.0
Assam,Tinsukia,27.53549291139241,95.69055949367085,309,1327929,381614,5135,70471,13323,31363,179202,37251,95.0
Bihar,Araria,26.211528119180603,87.30766554934816,209,2811569,703274,2561,17004,5041,31983,550065,6185,92.0
Bihar,Aurangabad,24.774291867469877,84.45986024096379,235,2540073,477297,2362,24106,7145,32335,377134,6754,93.0
Bihar,Aurangabad,24.774291867469877,84.45986024096379,515,3701282,979132,23258,246324,33322,230188,580691,138210,92.0
Maharashtra,Aurangabad,20.0979228832952,75.32072196796334,235,2540073,477297,2362,24106,7145,32335,377134,6754,93.0
Maharashtra,Aurangabad,20.0979228832952,75.32072196796334,515,3701282,979132,23258,246324,33322,230188,580691,138210,92.0
Bihar,Banka,24.832355642023337,86.8664916342413,225,2034763,444096,1704,15459,3258,24398,372571,3728,91.0
Bihar,Begusarai,25.54302613168723,86.12560144032932,222,2970541,733625,4644,49493,9821,41377,577162,10968,89.0
Bihar,Bhagalpur,25.277192885375477,87.04213814229242,224,3037766,653161,6764,63241,8644,47618,540365,13460,88.0
Bihar,Bhojpur,25.50666439393939,84.49407803030304,231,2728407,511927,3661,45763,7391,43689,401256,9625,91.0
Bihar,Buxar,25.48593018867924,84.08808081760995,232,1706352,334657,1784,27362,5341,26325,254972,4718,92.0
Bihar,Darbhanga,26.146187719298258,85.97387352472099,215,3937385,1002713,6280,59510,10325,52586,785953,10615,91.0
Bihar,Gaya,24.7266541547278,84.94291217765044,236,4391418,807571,6856,57738,11827,59202,665673,18754,94.0
Bihar,Gopalganj,26.44874364161851,84.34636127167629,217,2562012,554058,3707,31193,9508,51902,412706,5453,102.0
Bihar,Jamui,24.78418380462726,86.26316298200514,238,1760405,356760,1839,12984,4842,18411,300265,5351,92.0
Bihar,Jehanabad,25.155679045643165,84.9208124481328,239,1125313,214792,1106,15507,2522,13682,176076,4205,92.0
Bihar,Katihar,25.56565356037151,87.70466083591326,212,3071029,738070,2941,32570,5118,35004,595596,11309,92.0
Bihar,Khagaria,25.53558891454964,86.56593256351037,223,1666886,394703,1580,15401,3120,14047,321312,3292,89.0
Bihar,Kishanganj,26.324336758321294,87.95045007235886,210,1690400,445150,1093,11715,2436,19539,326865,4776,95.0
Bihar,Lakhisarai,25.183449321266963,86.12825701357468,227,1000912,207645,1186,12938,2415,9577,158930,3444,90.0
Bihar,Madhepura,25.77341929460581,86.8978443983403,213,2001762,510278,1397,12302,4560,21254,394241,3072,91.0
Bihar,Madhubani,26.41380538172716,86.16328360450552,207,4487379,1088786,5319,47090,11636,59254,884913,8410,93.0
Bihar,Munger,25.198537962962963,86.54173672839504,226,1367765,308063,2653,49141,3755,24259,248457,11182,88.0
Bihar,Muzaffarpur,26.18664417177915,85.32745092024543,216,4801062,1119394,10290,87796,23333,94249,911967,22474,90.0
Bihar,Nalanda,25.229345508982053,85.48053113772461,229,2877653,616663,4156,43761,7955,29239,464186,17540,92.0
Bihar,Nawada,24.825708836206903,85.61594568965519,237,2219146,424874,1841,20522,3991,15948,336216,7706,94.0
Bihar,Pashchim Champaran,27.16064352201258,84.30265911949685,203,3935042,936134,3495,38414,10911,48435,694531,7910,91.0
Bihar,Patna,25.40297114503818,85.3198433587787,230,5838465,1210094,40692,321307,49821,176114,829728,104162,90.0
Bihar,Purba Champaran,26.68129336734693,85.00382155612242,204,5099371,1243825,7719,52358,19282,78531,967001,9489,90.0
Bihar,Purnia,25.81714801901739,87.40447606973065,211,3264619,798596,4170,33688,8390,40178,624039,8720,92.0
Bihar,Rohtas,24.99170460829495,83.9350762672811,234,2959918,608061,4594,41659,10819,49892,433720,15995,92.0
Bihar,Saharsa,25.821270696721303,86.54670819672135,214,1900661,470697,1668,21651,3824,20489,359161,5426,91.0
Bihar,Samastipur,25.793205563909765,85.94833323308269,221,4261566,1056465,5379,46123,10621,56464,829443,10874,91.0
Bihar,Saran,25.89656077844312,84.82266287425155,219,3951862,777622,4509,51822,10948,68604,628222,8764,95.0
Bihar,Sheikhpura,25.12472436548223,85.77839390862943,228,636342,132638,631,6803,1728,6933,100345,2119,93.0
Bihar,Sheohar,26.458380748663107,85.29539411764709,205,656246,166000,478,3983,1410,7678,147280,830,89.0
Bihar,Sitamarhi,26.56570069686413,85.61172491289203,206,3423574,856964,3460,39465,7292,38576,720630,6856,90.0
Bihar,Siwan,26.1736372013652,84.33766552901022,218,3330464,674372,3834,42384,10891,64065,535085,6347,99.0
Bihar,Supaul,26.28157893772896,86.78496465201461,208,2229076,600102,1845,12111,4064,21885,430158,5069,93.0
Bihar,Vaishali,25.8134703180212,85.39247597173153,220,3495021,750811,4810,47300,11316,60246,620927,6879,89.0
Chandigarh,Chandigarh,30.7426,76.75872465753424,55,1055450,298367,44283,168344,60494,109701,112043,110377,82.0
Chhattisgarh,Bastar,19.393866751269048,81.52895126903546,414,1413199,371319,1782,22075,4227,32802,287405,13252,102.0
Chhattisgarh,Bilaspur,22.356942982456143,81.99770350877188,30,381956,164445,1574,17262,6573,11397,75560,4092,98.0
Chhattisgarh,Bilaspur,22.356942982456143,81.99770350877188,406,2663629,737806,8566,77727,13137,84851,561313,37623,97.0
Himachal Pradesh,Bilaspur,31.3780422907489,76.65316079295157,30,381956,164445,1574,17262,6573,11397,75560,4092,98.0
Himachal Pradesh,Bilaspur,31.3780422907489,76.65316079295157,406,2663629,737806,8566,77727,13137,84851,561313,37623,97.0
Chhattisgarh,Dhamtari,20.554912627291245,81.7569195519348,412,799781,210481,1016,14568,3069,30621,156006,6283,101.0
Chhattisgarh,Durg,21.194463849287164,81.33181639511197,409,3343872,883189,16141,129193,28840,177048,582952,74863,99.0
Chhattisgarh,Jashpur,22.77286167664669,83.8703962075848,402,851669,226392,567,6628,2442,15547,179774,7347,101.0
Chhattisgarh,Korba,22.491712499999995,82.57604326923074,404,1206640,332653,4544,43357,8677,55579,232642,29297,97.0
Chhattisgarh,Koriya,23.50412776859501,82.12515636363635,400,658917,181615,1667,25605,3402,26365,124298,17842,97.0
Chhattisgarh,Mahasamund,21.223727037773354,82.65925427435384,411,1032754,310567,961,13200,3546,31472,241908,7773,102.0
Chhattisgarh,Raigarh,22.008265068493166,83.27797698630134,403,1493984,420916,3342,27771,5979,50302,331942,19805,99.0
Chhattisgarh,Raigarh,22.008265068493166,83.27797698630134,520,2634200,959028,38570,328277,43536,158119,463109,119513,96.0
Maharashtra,Raigarh,18.453257637845976,73.0090609418579,403,1493984,420916,3342,27771,5979,50302,331942,19805,99.0
Maharashtra,Raigarh,18.453257637845976,73.0090609418579,520,2634200,959028,38570,328277,43536,158119,463109,119513,96.0
Chhattisgarh,Raipur,20.88603153846152,82.20032759615388,410,4063872,1068500,20261,166505,30572,177517,739497,86940,98.0
Chhattisgarh,Surguja,23.32719278728607,83.23582493887531,401,2359886,590763,2737,29433,8096,56480,492651,18701,98.0
Daman and Diu,Daman,20.431616666666677,72.8392366071429,495,191173,71079,1316,25844,3163,14167,14722,33493,53.0
Daman and Diu,Junagadh,20.72568199498111,70.83985639899612,479,2743082,776743,6628,144561,17447,195597,457405,57119,95.0
Gujarat,Junagadh,20.929523011609785,70.54733890140345,479,2743082,776743,6628,144561,17447,195597,457405,57119,95.0
Goa,North Goa,15.548723418714054,73.80667997909038,585,818008,325089,23440,132612,44342,101378,145651,26362,96.0
Goa,South Goa,15.195278658183785,73.941792596877,586,640537,251493,17624,102191,35031,82436,108881,29829,99.0
Gujarat,Ahmadabad,22.605425564971743,72.23898135593227,474,7214225,2198552,126341,965017,174812,692591,1193694,269205,90.0
Gujarat,Amreli,21.04832649310872,71.43457637825426,480,1514190,430613,2538,80378,10236,113906,265928,21529,96.0
Gujarat,Anand,22.282718206229863,72.57782051557454,482,2092745,621987,9902,147122,19352,104613,379759,31488,92.0
Gujarat,Banas Kantha,24.258538965517253,71.93205252873561,469,3120506,804197,3424,84832,22723,68665,515862,33035,94.0
Gujarat,Bharuch,21.75787276237761,72.67326346710801,488,1551019,481996,10257,121542,21579,104126,279792,44555,93.0
Gujarat,Bhavnagar,21.70219390341736,72.16272632761141,481,2880365,744077,7297,171327,17517,200864,467094,61608,93.0
Gujarat,Gandhinagar,23.193679790026252,72.67221679790026,473,1391753,433258,12107,132683,26385,106981,234873,41902,92.0
Gujarat,Jamnagar,22.410600414263328,69.62062005768233,477,2160119,646325,11573,142974,20471,185194,354786,56645,94.0
Gujarat,Kachchh,23.48057203301311,68.82192301497916,468,2092371,739275,9631,140067,28788,140540,328271,83137,91.0
Gujarat,Kheda,22.88765312500002,73.018803515625,483,2299885,622026,5710,99982,12788,84414,429236,22358,94.0
Gujarat,Mahesana,23.529355452865065,72.45545194085031,471,2035064,659743,7759,180985,25163,119579,371860,43193,93.0
Gujarat,Narmada,21.70666386292833,73.68403208722742,487,590297,160369,576,12997,2442,18771,115602,4801,96.0
Gujarat,Navsari,20.866973318871995,72.86184869848157,490,1329672,409156,6726,114620,18669,115177,262571,25882,96.0
Gujarat,Panch Mahals,22.80435606837605,73.61984598290586,484,2390776,567601,3456,59096,9656,72703,425072,15044,95.0
Gujarat,Patan,23.80634198473284,71.75162977099237,470,1343734,404138,2231,66310,7802,41235,245138,19197,94.0
Gujarat,Porbandar,21.55092351651571,69.71896987722886,478,585449,183572,1653,41686,4395,45156,103353,16208,95.0
Gujarat,Rajkot,22.40603377715488,70.83679439383323,476,3804558,1181006,21785,362140,55289,428744,644828,111779,93.0
Gujarat,Sabar Kantha,23.71803594548552,73.13638790459964,472,2428589,665533,5262,99037,22379,122399,450063,22065,95.0
Gujarat,Surat,21.25761372772093,72.93488716344339,492,6081322,1899838,55694,815423,106983,530528,788508,478407,79.0
Gujarat,Surendranagar,22.82672007299272,71.48358740875906,475,1756268,500598,2975,77857,10088,99436,306924,26468,93.0
Gujarat,The Dangs,20.801633877551023,73.6883518367347,489,228291,59618,137,2029,991,5662,46314,1291,101.0
Gujarat,Vadodara,22.26133739279589,73.49433010291594,486,4165626,1240425,53606,411734,72630,351423,771779,88479,93.0
Gujarat,Valsad,20.44238231644259,72.9148584798345,491,1705678,498391,11020,137209,23938,128491,297911,58586,92.0
Haryana,Ambala,30.3503672316384,76.94970310734456,70,1128350,315256,12899,121622,26122,92424,183898,18611,88.0
Haryana,Bhiwani,28.728868064516128,76.02110225806452,81,1634445,456282,5292,88938,16793,66069,293443,11408,89.0
Haryana,Faridabad,28.14873109756098,77.32718536585368,88,1809733,470681,43437,258422,63470,152884,276186,69917,87.0
Haryana,Fatehabad,29.57298318584072,75.54608716814157,78,942011,258380,3210,51693,14030,52633,162708,8832,90.0
Haryana,Gurgaon,28.043894789579163,77.01935130260523,86,1514432,523691,67087,238359,92934,131478,211728,98060,85.0
Haryana,Hisar,29.23628731117825,75.84324682779452,80,1743931,456126,10132,110495,24642,90721,295628,23078,87.0
Haryana,Jhajjar,28.59651868131869,76.61137142857145,83,958405,290144,5034,70149,14298,52868,168223,12154,86.0
Haryana,Jind,29.45149821958457,76.29598575667653,77,1334152,368000,5263,78386,15836,61694,227870,12316,87.0
Haryana,Kaithal,29.96068539094649,76.37698930041155,73,1074304,306787,3724,62668,12792,59238,189832,7550,88.0
Haryana,Karnal,29.703200647249204,76.87488025889972,74,1505324,428602,11163,143133,26238,108101,258981,19328,89.0
Haryana,Kurukshetra,30.05652659846548,76.78774680306903,72,964655,291821,7356,90150,20261,73765,162147,13063,89.0
Haryana,Mahendragarh,28.1352161458333,76.14018072916659,84,922088,267942,2624,45359,8538,45775,162961,3691,89.0
Haryana,Panchkula,30.700897142857134,76.97173238095236,69,561293,164551,18615,69687,29497,49972,78722,24115,87.0
Haryana,Panipat,29.34352134146342,76.92895914634147,75,1205437,327306,10024,121846,17466,74923,182191,32473,86.0
Haryana,Rewari,28.19164714828897,76.55956007604564,85,900332,268754,5121,62667,12161,58897,156650,9969,90.0
Haryana,Rohtak,28.892517647058817,76.53123235294117,82,1061204,306942,8482,94633,16545,63575,185204,15541,87.0
Haryana,Sirsa,29.63583446327684,74.90970480225988,79,1295189,338792,6287,70538,24468,75692,219428,12951,90.0
Himachal Pradesh,Chamba,32.66741814595661,76.39354063116366,23,519080,200231,1615,21458,5074,8880,94367,6546,99.0
Himachal Pradesh,Hamirpur,31.67668481012659,76.49767088607594,28,454768,211348,2521,34978,6665,16955,99538,4452,110.0
Himachal Pradesh,Hamirpur,31.67668481012659,76.49767088607594,168,1104285,311381,1196,20175,3791,24522,202503,4809,86.0
Uttar Pradesh,Hamirpur,25.738158381502892,79.82619479768789,28,454768,211348,2521,34978,6665,16955,99538,4452,110.0
Uttar Pradesh,Hamirpur,25.738158381502892,79.82619479768789,168,1104285,311381,1196,20175,3791,24522,202503,4809,86.0
Himachal Pradesh,Kangra,32.14093603238864,76.41205910931173,24,1510075,627328,8053,148361,22727,69192,314828,16832,101.0
Himachal Pradesh,Kinnaur,31.60667184065933,78.51613736263741,34,84121,44514,354,10740,2775,857,13926,4511,82.0
Himachal Pradesh,Kullu,31.90911922077925,77.40922649350647,26,437903,188704,2623,40064,8479,6979,80610,12616,94.0
Himachal Pradesh,Mandi,31.635805940594054,76.96556930693067,27,999777,462825,5333,59324,15958,26366,205510,11024,101.0
Himachal Pradesh,Shimla,31.155725451807253,77.62573042168668,33,814010,375165,9177,108888,23107,8186,126522,44241,92.0
Himachal Pradesh,Sirmaur,30.682764453961443,77.43184689507493,32,529855,192156,2220,28904,7459,17523,83947,10156,92.0
Himachal Pradesh,Solan,31.03864311926604,76.94442140672783,31,580320,244296,5250,53722,15117,25275,86649,31305,88.0
Himachal Pradesh,Una,31.58330388349513,76.18353932038836,29,521173,205217,2412,43809,8059,36913,101443,5195,98.0
Jammu and Kashmir,Doda,33.359614675767915,76.07163720136518,16,409936,133617,596,7963,1804,1550,76189,1997,92.0
Jammu and Kashmir,Jammu,32.713199095022645,74.8477520361991,21,1529958,502609,19905,197168,44063,113156,274859,18255,88.0
Jammu and Kashmir,Kargil,33.565994894894914,76.63675315315312,4,140802,48144,235,3285,1847,652,16646,1419,81.0
Jammu and Kashmir,Kathua,32.51781678321678,75.58901398601404,7,616435,214847,1443,32772,4687,23014,114949,2179,89.0
Jammu and Kashmir,Pulwama,33.88414418604652,75.00921860465118,12,560440,169223,1537,16828,6164,4551,80452,459,91.0
Jammu and Kashmir,Punch,33.791241290322574,74.29593161290322,5,476835,147408,346,13160,1731,2407,87711,762,89.0
Jammu and Kashmir,Srinagar,34.27312898550724,75.11021159420288,10,1236829,262239,16413,138119,34586,39804,160923,5135,90.0
Jammu and Kashmir,Udhampur,33.04770670731707,75.15286951219511,19,554985,183360,1214,20008,3800,8953,90329,2544,87.0
Jharkhand,Bokaro,23.6814965034965,85.98398374125864,355,2062330,508764,9754,67157,21098,108998,292464,67373,92.0
Jharkhand,Chatra,24.11619945750453,84.93295804701627,347,1042886,215502,590,5307,2110,15107,176487,2533,95.0
Jharkhand,Deoghar,24.33070100755672,86.75697632241814,350,1492073,321710,1944,26760,3714,32553,249689,7201,93.0
Jharkhand,Dhanbad,23.854509090909097,86.40372924901185,354,2684487,664219,11568,83995,18631,131398,359496,76629,91.0
Jharkhand,Dumka,24.275006125574265,87.27662450229711,362,1321442,326978,1193,11836,2912,23058,267228,3967,98.0
Jharkhand,Garhwa,24.082114689265527,83.68664265536722,346,1322784,292052,565,6798,2671,16578,250350,2997,94.0
Jharkhand,Giridih,24.30578509874329,86.08710915619386,349,2445474,499450,1944,16909,6290,57582,381432,6860,94.0
Jharkhand,Godda,24.8189,87.2941735483871,351,1313551,292030,874,7421,1754,19859,245973,2288,94.0
Jharkhand,Gumla,23.078532948929148,84.55056787479396,366,1025213,233074,831,9108,2181,16146,179247,7713,99.0
Jharkhand,Jamtara,23.97873318077801,86.95325080091534,363,791042,185668,808,5564,1632,16906,145904,3164,95.0
Jharkhand,Latehar,23.72511185840708,84.48298743362837,359,726978,160514,340,2177,1268,8012,127924,3721,97.0
Jharkhand,Lohardaga,23.488796043165483,84.6605169064748,356,461790,111484,351,8016,1102,10065,87210,2967,99.0
Jharkhand,Pakur,24.57260428082189,87.69691969178076,353,900422,217175,328,5316,923,9725,175835,2847,99.0
Jharkhand,Palamu,24.196925968109337,84.20310842824594,358,1939869,407904,2155,17270,8015,29434,346286,6419,93.0
Jharkhand,Ranchi,23.184235061391547,85.31781937244203,364,2914253,730982,22538,164237,34053,141089,461581,79680,95.0
Jharkhand,Sahibganj,24.93667989690721,87.68264097938142,352,1150567,260993,591,11545,1285,10359,217420,4553,95.0
Jharkhand,Simdega,22.608760391198054,84.59193691931536,367,599578,155283,423,3472,1158,9742,111052,4279,100.0
Karnataka,Bagalkot,16.15860676328503,75.64526070853468,556,1889752,490657,3745,49345,9726,69279,287059,54451,99.0
Karnataka,Bangalore Rural,12.936827087794448,77.47369314775169,583,990923,326462,3729,77454,10389,69005,163974,55447,95.0
Karnataka,Belgaum,16.16107219152853,74.72329042357275,555,4779661,1318975,17560,240742,35104,228887,811672,126662,97.0
Karnataka,Bellary,15.074377548209377,76.47228471074374,565,2452595,623480,9626,114040,14163,111250,366781,102920,98.0
Karnataka,Bidar,17.950361730769224,77.19459961538459,558,1703300,389403,3971,34924,9724,44813,278386,30830,96.0
Karnataka,Bijapur,16.84015316666667,75.95909166666665,417,255230,58391,117,1022,305,2625,47682,1846,98.0
Karnataka,Bijapur,16.84015316666667,75.95909166666665,557,2177331,527490,4987,58890,11722,67663,338321,55083,96.0
Karnataka,Chikmagalur,13.425288289676422,75.67626502311249,570,1137961,392426,4510,74534,15446,59192,216586,41283,101.0
Karnataka,Chitradurga,14.29102220394736,76.57821957236843,566,1659456,447348,5711,60522,7425,55959,298987,46758,97.0
Karnataka,Davanagere,14.330414586709884,75.91723841166937,567,1945497,530691,7320,100812,15449,90291,320621,73448,97.0
Karnataka,Dharwad,15.343831376975173,75.13831264108359,562,1847023,483104,15013,140584,21127,91208,275419,87134,97.0
Karnataka,Gadag,15.507128256880746,75.64861302752298,561,1064570,291972,3373,31959,5205,30957,175742,32788,98.0
Karnataka,Gulbarga,17.070459515951594,76.87503850385033,579,2566326,600007,9752,77334,12872,73797,378218,79335,97.0
Karnataka,Hassan,12.945098749999998,76.11049549999997,574,1776421,628981,4851,90599,14979,97603,363138,57085,101.0
Karnataka,Haveri,14.737582809224318,75.3961230607966,564,1597668,413564,2456,41517,5681,47577,280133,37221,95.0
Karnataka,Kodagu,12.39684468085106,75.79336595744688,576,554519,212974,3308,40958,16963,22161,93366,22511,102.0
Karnataka,Kolar,13.312799881235172,78.01376947743476,581,1536401,477609,5051,72407,9208,85198,261316,60630,98.0
Karnataka,Koppal,15.651253271028034,76.1617048598131,560,1389920,337649,2135,31673,6211,45100,212484,41112,99.0
Karnataka,Mandya,12.574901806239744,76.81570098522172,573,1805769,562302,3367,80452,8188,96273,370797,47339,100.0
Karnataka,Mysore,12.248100259403367,76.52881802853437,577,3001127,920982,28397,273706,40420,211066,529209,139947,99.0
Karnataka,Raichur,16.050795353982295,76.87368606194688,559,1928812,455848,5200,51443,11104,70603,300223,48296,100.0
Karnataka,Shimoga,14.063845885634592,75.17882078103197,568,1752753,554106,8791,128087,20781,111532,315329,77868,100.0
Karnataka,Tumkur,13.592467760074973,77.02297966260545,571,2678980,890242,7971,116539,14929,137806,532693,93096,98.0
Karnataka,Udupi,13.450404228534568,74.72009990316337,569,1177361,385389,9070,83810,21349,65169,220662,21037,109.0
Kerala,Alappuzha,9.542602965599087,76.38010796263319,598,2127789,723536,28842,274392,42404,144891,496464,24772,110.0
Kerala,Ernakulam,10.004879301987431,76.26957729035381,595,3282388,1174691,88737,499291,135307,322394,689970,88824,103.0
Kerala,Idukki,9.80480963855423,77.04586641566264,596,1108974,412433,8250,54626,21976,35855,222531,26014,101.0
Kerala,Kannur,11.941523076923056,75.35209891725934,589,2523003,872479,32653,115356,44108,76530,507341,28563,114.0
Kerala,Kasaragod,12.33310309912974,75.07768497134369,588,1307375,417805,10378,74092,19438,34267,240351,22502,108.0
Kerala,Kollam,8.929388820570157,76.6360775852431,600,2635375,925130,31542,263148,58867,144080,597009,51410,111.0
Kerala,Kottayam,9.643701174068417,76.46059673302705,597,1974551,678161,37849,187213,73096,122177,434540,37276,104.0
Kerala,Kozhikode,11.392924270557026,75.71158720159153,591,3086293,990336,36791,145558,54277,149330,638772,35910,110.0
Kerala,Malappuram,10.97329875666072,75.93910775606876,592,4112920,1157129,27909,139994,59145,138096,719609,47021,110.0
Kerala,Palakkad,10.784926903553291,76.49980490693744,593,2809934,894341,27162,178386,43458,145549,575878,39417,107.0
Kerala,Thiruvananthapuram,8.537101759082221,76.88711502868073,601,3301427,1169117,71621,343590,96456,220675,727418,83983,109.0
Kerala,Thrissur,10.458932647907687,76.12321940836945,594,3121200,1051867,56148,338350,84016,220583,683102,48702,111.0
Kerala,Wayanad,11.715277464788736,76.07587007042254,590,817420,277988,4712,23028,13027,22721,166448,12409,103.0
Madhya Pradesh,Anuppur,23.18184220430107,81.86560000000007,461,749237,207713,1290,23388,2895,29063,146164,16275,98.0
Madhya Pradesh,Ashoknagar,24.63098846153845,77.82974493927134,459,845071,206741,619,15886,2373,23638,162759,5484,90.0
Madhya Pradesh,Balaghat,21.80020720640569,80.42170053380796,457,1701698,470867,1712,27283,4045,46168,366925,16421,102.0
Madhya Pradesh,Barwani,21.702135714285724,74.91004719710673,441,1385881,299270,1158,30115,3102,31152,224957,12865,98.0
Madhya Pradesh,Betul,21.964626315789477,77.7873428189117,447,1575362,406649,2109,45270,5740,59230,284681,23266,97.0
Madhya Pradesh,Bhind,26.35951126187245,78.7618324287653,420,1703005,359596,1166,32268,4463,46137,288622,7464,84.0
Madhya Pradesh,Bhopal,23.480726143790854,77.39246623093679,444,2371061,700719,40788,281442,60383,213130,357177,107036,92.0
Madhya Pradesh,Burhanpur,21.364567254408065,76.24460478589425,467,757847,178840,986,40478,2142,22453,124087,12487,95.0
Madhya Pradesh,Chhatarpur,24.813637376460004,79.56449299191374,425,1762375,470917,1880,36506,6206,48339,354948,12483,88.0
Madhya Pradesh,Chhindwara,22.227966971713823,78.76413136439254,455,2090922,553944,3588,73284,8235,75332,376356,34728,96.0
Madhya Pradesh,Damoh,23.76624407960196,79.47049303482588,428,1264219,369901,1432,23270,3031,28333,283661,10655,91.0
Madhya Pradesh,Datia,25.90226439560441,78.63916571428574,422,786754,203854,616,17555,2897,25575,153252,4235,87.0
Madhya Pradesh,Dewas,22.7851110021322,76.46088805970157,437,1563715,376009,3518,59521,9017,77281,278354,18785,94.0
Madhya Pradesh,Dhar,22.572681718963157,75.1105620736698,438,2185793,515712,2388,75637,8080,85477,378227,33109,96.0
Madhya Pradesh,Dindori,22.83738437047757,81.04332966714911,453,704524,227795,554,4576,1291,7979,162879,4301,100.0
Madhya Pradesh,Guna,24.49043927178156,77.2235895968791,458,1241519,285085,2482,34184,5968,43568,224082,13478,91.0
Madhya Pradesh,Gwalior,26.04074441964285,78.12782433035713,421,2032036,444892,15779,165061,21313,126189,316586,45158,86.0
Madhya Pradesh,Harda,22.227659781121783,77.07022571819435,448,570465,144559,986,22174,3556,30952,99039,7072,93.0
Madhya Pradesh,Hoshangabad,22.595268801996703,78.02168094841929,449,1241350,315396,2871,61415,7335,67460,217340,25354,91.0
Madhya Pradesh,Indore,22.680265752128648,75.9133801324502,439,3276697,788318,48691,417170,64865,286973,457287,134832,93.0
Madhya Pradesh,Jabalpur,23.18525572327043,79.98328754716981,451,2463289,624761,20443,192581,26487,154678,434882,64448,93.0
Madhya Pradesh,Jhabua,22.419578015397768,74.40921616766468,464,1025048,235793,744,16683,2215,20076,197972,7149,99.0
Madhya Pradesh,Katni,23.724416229116937,80.33819665871127,450,1292042,349031,2179,38086,3958,35359,268593,16045,95.0
Madhya Pradesh,Mandla,22.70348712446353,80.38600543633753,454,1054905,316932,912,18413,2246,19880,232935,8554,101.0
Madhya Pradesh,Mandsaur,24.19278764044944,75.43588667736759,433,1340411,384119,2324,47723,5435,62695,261639,18028,96.0
Madhya Pradesh,Morena,26.37313504531724,77.88447341389724,419,1965970,414586,1781,45113,5829,48525,346829,12915,84.0
Madhya Pradesh,Neemuch,24.70311893333336,75.06608186666664,432,826067,242197,1945,34666,4498,47549,157683,14613,95.0
Madhya Pradesh,Panna,24.451325840092657,80.21133001158752,426,1016520,288923,653,13285,2219,18488,226597,5039,91.0
Madhya Pradesh,Raisen,23.292518206521724,78.16305495923909,446,1331597,325713,1141,34499,6017,48130,248660,17923,90.0
Madhya Pradesh,Rajgarh,23.785499026425583,76.66431223922116,442,1545814,401717,1611,30688,4185,46026,324899,11977,96.0
Madhya Pradesh,Ratlam,23.503562290502792,75.14895782122909,434,1455069,373867,3644,67830,5757,67819,265828,21958,97.0
Madhya Pradesh,Rewa,24.861184625158856,81.57572465057183,430,2365106,618399,3406,45180,11833,67856,524701,11182,93.0
Madhya Pradesh,Sagar,23.800318709677374,78.71940357771273,427,2378458,613915,4546,68482,11291,71201,466797,29071,89.0
Madhya Pradesh,Satna,24.62777621776502,80.75547048710598,429,2228935,576004,3754,55196,9401,64484,455270,16995,93.0
Madhya Pradesh,Sehore,22.9297199679658,77.06780202883085,445,1311332,329647,1566,30868,6041,60435,235670,11139,92.0
Madhya Pradesh,Seoni,22.33230487804874,79.66053863928111,456,1379131,382587,1182,26893,4048,37873,284384,14621,98.0
Madhya Pradesh,Shahdol,23.44859864559819,81.4596831828442,460,1066063,291440,1733,24255,3819,29839,232450,9838,97.0
Madhya Pradesh,Shajapur,23.566620317220547,76.33555181268885,436,1512681,386608,1382,32204,4200,49847,281671,12132,94.0
Madhya Pradesh,Sheopur,25.78014810996563,77.16911116838484,418,687861,176522,273,11701,1634,17878,138428,5214,90.0
Madhya Pradesh,Shivpuri,25.37802451874367,77.74861600810549,423,1726050,434618,1852,35706,5417,48952,341253,11678,88.0
Madhya Pradesh,Sidhi,24.17547189952905,82.1053783359498,462,1127033,276869,837,9569,3320,18017,231540,5173,96.0
Madhya Pradesh,Tikamgarh,25.14099852104666,78.89357064846428,424,1445166,382992,1090,21489,4139,35388,292003,5586,90.0
Madhya Pradesh,Ujjain,23.319288862745065,75.80383717647058,435,1986864,489449,7501,123526,12167,107407,338261,36739,96.0
Madhya Pradesh,Umaria,23.59601063063061,80.90879477477475,431,644758,168066,839,12713,1873,14918,134416,4877,95.0
Madhya Pradesh,Vidisha,23.82838307984792,77.9013507604563,443,1458875,376409,1926,41617,5682,55126,275519,15915,90.0
Maharashtra,Akola,20.746310479041902,77.12122320359276,501,1813906,504235,6163,107463,9037,72460,339748,37265,95.0
Maharashtra,Amravati,21.16520991810736,77.67583503184723,503,2888445,781815,9438,175917,15285,124261,569476,42996,95.0
Maharashtra,Bhandara,21.211792649727748,80.10950199637024,506,1200334,356418,2932,55948,5184,54974,243836,26370,98.0
Maharashtra,Bid,18.952353340080982,75.69319706477731,523,2585049,698571,5614,82098,12836,91909,492304,39323,92.0
Maharashtra,Buldana,20.56680611183355,76.39017880364096,500,2586258,728192,4767,103898,10034,84546,496630,31267,93.0
Maharashtra,Chandrapur,20.095609090909075,79.31556380471388,509,2204307,684655,8239,172661,12746,113039,440367,67694,96.0
Maharashtra,Dhule,21.274018690400517,74.58719071837263,498,2050862,528790,6065,126138,10912,74859,344482,54960,95.0
Maharashtra,Gondiya,21.225008411214997,80.17522698598128,507,1322507,386515,2866,38044,5074,49085,266154,17945,100.0
Maharashtra,Hingoli,19.59525302245251,77.09239412780653,512,1177345,284369,1221,27700,3833,29815,209663,13034,94.0
Maharashtra,Jalgaon,20.8828943415638,75.55140421810695,499,4229917,1169788,14297,350029,19560,170551,724904,125375,92.0
Maharashtra,Jalna,19.984612534818933,75.98473607242339,514,1959046,502830,3791,60219,8400,75655,348751,29927,94.0
Maharashtra,Kolhapur,16.44881301587301,74.12897150793648,530,3876001,1179314,22269,340318,49081,283565,699588,106291,96.0
Maharashtra,Latur,18.348687268993856,76.75812607802874,524,2454196,585632,6217,96018,13150,81052,421140,44074,93.0
Maharashtra,Nagpur,21.196556862745105,79.02166176470584,505,4653570,1308366,57964,599780,71592,426007,770480,187414,95.0
Maharashtra,Nanded,19.209316983017,77.6829048951049,511,3361292,821682,7548,116284,12341,83106,579750,61234,94.0
Maharashtra,Nandurbar,21.523175625248147,74.32638757443429,497,1648295,405012,2579,54335,6135,39350,292483,21845,98.0
Maharashtra,Nashik,20.266912871287143,74.03824168316828,516,6107187,1668932,45039,536781,79590,396040,934281,196514,93.0
Maharashtra,Osmanabad,18.19459456066944,75.99495575313809,525,1657576,444990,3209,49180,7974,51577,316237,22964,92.0
Maharashtra,Parbhani,19.31032425249168,76.70163338870431,513,1836086,427239,3982,59272,6973,50197,325984,25840,95.0
Maharashtra,Pune,18.51696171428573,74.12922881632647,521,9429408,3222457,235018,1410448,273326,1013058,1382496,612584,91.0
Maharashtra,Ratnagiri,17.210195070127703,73.25725893866404,528,1615069,639362,7752,100860,15191,61559,346267,37274,112.0
Maharashtra,Sangli,17.154930181086502,74.70713822937628,531,2822143,853673,13212,227034,29515,190760,498771,67342,97.0
Maharashtra,Satara,17.6737908974359,74.18052064102558,527,3003741,975471,14093,271186,36046,195582,550485,67211,99.0
Maharashtra,Sindhudurg,16.170948049777163,73.51329008172343,529,849651,340836,3517,42540,9264,37159,181960,17110,104.0
Maharashtra,Solapur,17.837357937584812,75.42394823609216,526,4317756,1156231,15145,248255,28219,229240,723697,97376,94.0
Maharashtra,Thane,19.698767747440264,72.79882742564581,517,11060148,3618151,256170,1610460,172210,499186,1758319,632143,89.0
Maharashtra,Wardha,20.80743024390242,78.57259105691062,504,1300774,388704,4313,114029,6970,70849,263170,28598,95.0
Maharashtra,Washim,20.282282394366213,77.25502394366208,502,1197160,330846,1875,36840,3623,37729,240347,10854,93.0
Maharashtra,Yavatmal,20.04258346738159,78.05326371760479,510,2772348,798132,6094,134500,12132,99346,575266,39344,95.0
Manipur,Bishnupur,24.50712111801243,93.8246236024845,275,237399,56149,676,11393,2009,5782,43516,784,100.0
Manipur,Chandel,24.2635812987013,94.09443844155844,280,144182,34160,184,1424,908,3263,27448,1411,93.0
Manipur,Churachandpur,24.30309718875504,93.38671506024085,274,274143,57825,837,13371,1807,6387,42769,6655,97.0
Manipur,Senapati,25.08465586034914,94.03366234413956,272,479148,39834,256,2430,827,1603,33051,1017,94.0
Manipur,Tamenglong,24.98312942238265,93.49450740072204,273,140651,28101,125,1229,495,723,23804,352,94.0
Manipur,Thoubal,24.545392553191498,93.97959893617023,276,422168,104263,880,15994,3141,11574,83390,873,100.0
Manipur,Ukhrul,25.05900314960629,94.44129566929138,279,183998,41890,276,1659,1107,944,32455,2313,94.0
Meghalaya,East Garo Hills,25.82728228228228,90.64684924924916,294,317917,74216,288,1839,1167,4732,54960,2057,97.0
Meghalaya,East Khasi Hills,25.303763888888884,91.75922519841272,298,825922,215091,5032,41496,15048,7975,93999,59647,101.0
Meghalaya,Jaintia Hills,25.33959557069844,92.37608160136298,299,395124,83717,510,7150,4790,978,57268,6500,101.0
Meghalaya,South Garo Hills,25.240568578553614,90.64560349127176,295,142334,39643,179,482,695,1700,22964,873,95.0
Meghalaya,West Garo Hills,25.495285185185185,90.03709947089942,293,643291,157945,1630,10006,3589,10923,113504,6163,98.0
Meghalaya,West Khasi Hills,25.500889926739926,91.25364542124538,296,383461,87131,149,476,1683,922,59459,3555,98.0
Mizoram,Aizawl,23.90781335453101,92.85359459459472,283,400309,100911,4019,64710,9581,16909,40704,38953,101.0
Mizoram,Champhai,23.54166580976866,93.24221799485862,284,125745,31112,186,9115,1237,3135,19196,6021,98.0
Mizoram,Kolasib,24.2020004347826,92.73470391304348,282,83955,22176,367,8787,867,2488,11439,5233,96.0
Mizoram,Lawngtlai,22.36102843137253,92.66964156862753,287,117894,27266,162,5213,631,658,19088,3249,95.0
Mizoram,Lunglei,23.007717036172675,92.63512555425892,286,161428,38794,482,14037,1982,3706,24286,7832,95.0
Mizoram,Mamit,23.73852942502819,92.4330803833147,281,86364,20855,90,4010,565,1619,13786,2921,93.0
Mizoram,Saiha,22.35744801061008,93.02827931034489,288,56574,12827,168,4783,507,337,7767,2970,98.0
Mizoram,Serchhip,23.263864705882344,92.914158496732,285,64937,15490,131,5511,702,1723,9272,3113,98.0
Nagaland,Dimapur,25.814176811594223,93.75074057971014,265,378811,111969,3303,42378,10008,10821,36263,33254,92.0
Nagaland,Kohima,25.60311428571428,93.78600657596373,270,267988,76100,1928,20712,8428,2011,30993,19010,93.0
Nagaland,Mokokchung,26.478911764705888,94.522426006192,262,194622,55278,537,7236,3805,5184,31404,8870,93.0
Nagaland,Mon,26.69207374301676,95.03072988826828,261,250260,51022,178,1080,1007,1571,36498,3623,90.0
Nagaland,Phek,25.63272986577182,94.56814563758392,266,163418,46198,170,2073,1780,838,30943,4878,95.0
Nagaland,Tuensang,26.21104453280316,94.85809880715708,267,196596,50141,155,773,1063,738,33861,4402,93.0
Nagaland,Wokha,26.202611551155112,94.1990815181518,264,166343,46669,198,3228,1592,1713,28312,3203,97.0
Nagaland,Zunheboto,26.028178205128206,94.50026666666668,263,140757,37311,261,1433,2258,1033,25713,3712,98.0
Orissa,Baleshwar,21.48570932311624,87.08085828011933,377,2320529,683594,7370,36478,8591,75401,502635,15734,96.0
Orissa,Bhadrak,20.95262735257214,86.81496204516931,378,1506337,428106,2637,15864,3670,34791,296688,8307,98.0
Orissa,Cuttack,20.407640646029623,85.7776810228802,381,2624470,790297,15046,103177,15494,132934,494043,58873,94.0
Orissa,Dhenkanal,20.79887159353349,85.53226836027711,383,1192811,352369,1810,19846,3533,36224,263641,9666,95.0
Orissa,Gajapati,19.121080882352945,84.14015091911759,389,577817,175145,635,12035,656,8521,119272,7161,104.0
Orissa,Ganjam,19.2632617564534,84.80297710437702,388,3529031,1015394,9049,120191,9066,100866,672524,74534,98.0
Orissa,Jharsuguda,21.827058566978184,83.93581682242987,371,579505,177186,2498,18950,3966,32916,107762,21243,95.0
Orissa,Kalahandi,19.784253092783523,83.1124043814433,395,1576869,494748,1953,17610,3547,34156,382053,10876,100.0
Orissa,Kandhamal,20.092878624813142,84.02216352765326,390,733110,242935,768,6938,1278,11947,156795,9613,104.0
Orissa,Kendrapara,20.606319815982264,86.83763247572003,379,1440361,438243,1628,15879,2686,37980,318778,5112,101.0
Orissa,Khordha,20.054162322274863,85.52234834123229,386,2251673,688729,35701,160277,33514,165342,361364,102422,93.0
Orissa,Koraput,18.82627794779476,82.81278469846964,398,1379647,460128,3988,39631,6922,37192,294487,30413,103.0
Orissa,Malkangiri,18.25227930367506,81.98293636363628,399,613192,183723,448,4738,820,10535,128850,5901,102.0
Orissa,Mayurbhanj,21.897621545157754,86.4030408052231,376,2519738,753589,2950,29031,6279,62502,559038,17104,101.0
Orissa,Nayagarh,20.192895622119817,85.05614700460825,385,962789,288334,1163,11159,2270,24290,219723,7144,92.0
Orissa,Nuapada,20.471309512195116,82.59152536585364,394,610382,209127,757,6414,1346,12482,152129,3851,102.0
Orissa,Puri,19.83509174603177,85.86698989898981,387,1698730,474224,3416,33331,4693,57033,343935,17603,96.0
Orissa,Rayagada,19.292840020060204,83.45860120361095,396,967911,286548,1553,24924,2090,19440,201492,17683,105.0
Orissa,Sambalpur,21.515752380952385,84.34958483245157,372,1041099,315495,5231,33612,5946,47662,212516,27844,98.0
Orissa,Sundargarh,22.06354819277107,84.50524819277099,374,2093437,618062,12787,77581,14641,102703,356607,73640,97.0
Puducherry,Karaikal,10.876161726078813,79.82369793621002,637,200222,69333,1868,28366,2550,19793,33788,12831,105.0
Puducherry,Mahe,12.006420793787758,75.28275021570326,636,41816,12110,574,3632,858,1747,6569,494,118.0
Puducherry,Yanam,16.707695652173904,82.26187304347832,634,55626,15519,207,10399,226,2571,6947,5816,104.0
Punjab,Amritsar,31.548679820627772,74.79883856502238,49,2490656,660953,29961,279993,56185,225063,430041,41576,89.0
Punjab,Bathinda,30.190524611973352,75.05685898004438,46,1388525,355722,11284,118427,36173,106010,235988,21224,87.0
Punjab,Faridkot,30.591187250996025,74.79751553784862,45,617508,158863,4348,62103,15528,51638,109071,6142,89.0
Punjab,Fatehgarh Sahib,30.64290947368421,76.36208394736842,40,600163,174896,5138,64037,18239,63700,101426,11510,87.0
Punjab,Firozpur,30.63407535211269,74.40245732394365,43,2029074,502390,10042,141899,37105,148610,344538,17695,89.0
Punjab,Gurdaspur,32.04283371212125,75.3204064393939,35,2298323,606348,14428,244468,32484,194705,409745,14231,90.0
Punjab,Hoshiarpur,31.55157169811319,75.8469857442349,38,1586625,551265,13747,201675,33720,166862,303081,17651,96.0
Punjab,Jalandhar,31.250336907216507,75.54400350515463,37,2193590,708130,39082,299449,72374,238203,378807,61615,92.0
Punjab,Kapurthala,31.336592638036837,75.47641165644177,36,815168,261203,9732,110555,23561,90508,141816,18924,91.0
Punjab,Ludhiana,30.76596397379912,75.83110851528383,41,3498739,1036821,58589,488757,120172,360662,570487,127020,87.0
Punjab,Mansa,29.919547714285724,75.4304922857143,47,769751,196389,2673,39414,12805,48117,140422,4905,88.0
Punjab,Moga,30.756540067340065,75.1600845117845,42,995746,288439,7897,89445,26253,85167,178205,9104,89.0
Punjab,Muktsar,30.31243303303303,74.5518747747748,44,901896,224157,4571,76441,23185,62205,159581,9169,90.0
Punjab,Patiala,30.214540380693364,76.27505893949697,48,1895686,517369,24274,209192,57008,193945,325608,28546,89.0
Punjab,Rupnagar,30.910937330754347,76.53743500967126,51,684627,208699,6600,67749,17248,72313,114943,14317,92.0
Punjab,Sangrur,30.185045204336895,75.89437014178496,53,1655169,448944,10736,135280,35264,146931,294479,15033,89.0
Rajasthan,Ajmer,26.199300378787903,74.6990419191919,119,2583052,684254,13499,171799,24509,175460,437083,40066,95.0
Rajasthan,Alwar,27.55271738035265,76.65359630562563,104,3674179,995261,9750,123478,30207,179435,595153,27599,89.0
Rajasthan,Banswara,23.453642032967014,74.44246868131869,125,1797485,429844,2324,34189,5287,45930,352341,10180,98.0
Rajasthan,Baran,24.98023243243244,76.86210651828291,128,1222755,318988,1363,32685,5741,59954,223828,13069,93.0
Rajasthan,Barmer,25.77070908045978,71.50297126436782,115,2603751,598805,2766,39580,27009,39804,436661,8087,90.0
Rajasthan,Bharatpur,27.32411858037578,77.21752077244258,105,2548462,609134,4179,61113,10349,99846,411145,8732,88.0
Rajasthan,Bhilwara,25.45119767759564,74.63947595628417,122,2408523,675880,6207,93768,17508,150972,450389,37857,97.0
Rajasthan,Bikaner,28.12489068322981,73.26943322981371,101,2363937,531933,7607,108812,17113,68379,349733,17010,91.0
Rajasthan,Bundi,25.48580716049379,75.79984074074079,121,1110906,303288,1392,33406,5787,58255,202701,13298,92.0
Rajasthan,Chittaurgarh,24.631623761665463,74.80010997846382,126,1544338,455653,4941,59190,11261,103489,293931,27803,97.0
Rajasthan,Churu,28.29330375536484,74.65846427038629,102,2039547,493893,2577,74197,9938,27698,338115,6521,94.0
Rajasthan,Dausa,26.91234817629181,76.57342097264443,109,1634409,420694,1719,35600,6664,62106,284497,4381,91.0
Rajasthan,Dhaulpur,26.72397054945053,77.74476219780222,106,1206516,273296,1330,24561,3614,31120,195242,4973,85.0
Rajasthan,Dungarpur,23.75104807692308,73.84765641025645,124,1388552,354363,1477,26351,4385,34909,273174,6186,99.0
Rajasthan,Ganganagar,29.256785412667963,73.56192303262948,99,1969168,562594,6295,88543,21515,85320,330298,23354,89.0
Rajasthan,Hanumangarh,29.1813351791531,74.74632573289902,100,1774692,497753,3360,55515,16537,56973,306363,11944,91.0
Rajasthan,Jaipur,27.033459290187885,75.77117286012533,110,6626178,1732679,76565,570997,142866,523398,1001457,127486,91.0
Rajasthan,Jaisalmer,26.86900838548185,71.18371877346682,114,669919,189947,754,12431,5218,11355,107832,3328,85.0
Rajasthan,Jalor,25.07578093797277,72.18647261724662,116,1828730,467418,1585,39745,12367,34799,315704,9562,95.0
Rajasthan,Jhalawar,24.24725541474657,76.11242891705065,129,1411129,362387,1750,38909,5385,56052,263801,15426,95.0
Rajasthan,Jhunjhunun,28.13517401247401,75.52840893970894,103,2137045,650809,4828,131987,15861,59920,371091,9196,95.0
Rajasthan,Jodhpur,26.678460838536967,73.00450847457628,113,3687165,891657,19335,197135,40768,197296,574887,41870,92.0
Rajasthan,Karauli,26.51901555555556,76.96081818181815,107,1458248,364355,1059,28296,3820,35486,256601,4524,86.0
Rajasthan,Kota,25.175718080000014,76.18618928000001,127,1951014,515189,12843,165563,24848,147206,300393,69588,91.0
Rajasthan,Nagaur,27.07862016048146,74.14215667001012,112,3307743,842201,4449,97267,26150,94315,562803,15019,95.0
Rajasthan,Pali,25.80490393541874,73.55285640766907,118,2037573,652717,4043,94821,14175,109098,396294,26351,99.0
Rajasthan,Rajsamand,25.24894767441859,73.96570215946844,123,1156597,365676,1989,36073,7060,62714,229656,13593,99.0
Rajasthan,Sawai Madhopur,26.251081180223288,76.4219283891548,108,1335551,353321,1887,40116,4398,41953,243362,7424,90.0
Rajasthan,Sikar,27.64644058641976,75.29317422839503,111,2677333,705834,5647,131342,22494,77340,434072,7418,95.0
Rajasthan,Sirohi,24.7976905263158,72.75309131578943,117,1036346,308174,2146,47182,6343,38817,184197,13430,94.0
Rajasthan,Tonk,26.153935071707927,75.79192216427637,120,1421326,380666,1908,32359,6295,68174,258120,7695,95.0
Rajasthan,Udaipur,24.44076752136749,73.84029839743584,130,3068420,848218,14211,128320,27979,157259,575790,35318,96.0
Sikkim,East,27.29600352941175,88.74908392156858,93,1709346,462218,80037,327253,87499,162670,241976,101386,88.0
Tamil Nadu,Ariyalur,11.190514836795256,79.22249643916912,616,754894,254277,1749,39642,2937,40913,181005,14004,101.0
Tamil Nadu,Chennai,13.058098905608748,80.28139151846806,603,4646732,1314125,217368,910262,146388,515581,522493,565934,99.0
Tamil Nadu,Coimbatore,10.871376995940452,77.07619012178621,632,3458045,1169752,63273,675153,87211,445588,561733,346382,100.0
Tamil Nadu,Cuddalore,11.57587300613498,79.63002365371497,617,2605914,758209,15396,244610,19828,178515,526657,98143,99.0
Tamil Nadu,Dharmapuri,12.300141200000006,78.11509813333339,630,1506843,487926,3651,104785,5843,107968,344702,32008,95.0
Tamil Nadu,Dindigul,10.377801390820574,77.78011279554937,612,2159775,713542,9155,209640,15538,147737,445908,106467,100.0
Tamil Nadu,Erode,11.267012155963302,77.42034334862392,610,2251744,843684,18604,371015,33405,288543,466373,177609,99.0
Tamil Nadu,Kancheepuram,12.496424756511884,80.08820360135913,604,3998252,1213504,100322,622095,68427,418526,700252,281627,99.0
Tamil Nadu,Kanniyakumari,8.183466300191206,77.32053064053538,629,1870374,598041,15673,199188,21577,115092,420282,57337,102.0
Tamil Nadu,Karur,10.79532776617955,78.08749686847604,613,1064493,364661,4915,135831,10648,117119,221047,61893,102.0
Tamil Nadu,Madurai,9.904313833333331,78.01366033333332,623,3038252,1010441,34097,391821,30852,228557,491822,279755,99.0
Tamil Nadu,Nagapattinam,10.789468161718286,79.79437299431483,618,1616450,517740,5585,143846,9042,86939,365468,40644,103.0
Tamil Nadu,Namakkal,11.33766638477801,78.14624841437633,609,1726601,627484,8960,265276,18550,212434,343287,126986,99.0
Tamil Nadu,Perambalur,11.260137758112096,78.86034011799416,615,565223,188592,1507,49390,2259,32178,132395,14725,100.0
Tamil Nadu,Pudukkottai,10.130514816433578,79.05444484265728,621,1618345,503941,4494,82967,7882,110324,344074,42109,101.0
Tamil Nadu,Ramanathapuram,9.31286995153476,78.99185362412462,626,1353445,417239,5172,100484,5524,49605,270430,51959,98.0
Tamil Nadu,Salem,11.629324202127655,78.2478257978723,608,3482056,1170352,20660,448968,30660,352121,706525,199211,95.0
Tamil Nadu,Sivaganga,9.960306580645158,78.56535729032255,622,1339101,452417,5773,113822,8222,91250,277432,59229,100.0
Tamil Nadu,Thanjavur,10.387692255892237,79.3194869107745,620,2405890,753372,13495,223044,17231,161750,475525,108700,103.0
Tamil Nadu,Theni,9.924066666666668,77.43458833333332,624,1245899,410623,4667,147529,6607,58034,243448,78115,99.0
Tamil Nadu,Thiruvallur,13.275858101752885,80.19724702864492,602,3728104,1119433,75634,621907,54505,363741,636443,291863,99.0
Tamil Nadu,Thiruvarur,10.368927409395978,79.60322893959727,619,1264277,408179,4416,109580,6790,72916,287483,34994,102.0
Tamil Nadu,Tiruvannamalai,12.419318947368414,79.23265631578953,606,2464875,710163,6445,176242,7851,138956,536269,47934,99.0
Tamil Nadu,Vellore,12.784882632293078,79.02643283582084,605,3936331,1140300,20623,417535,20393,286002,764911,144061,101.0
Tamil Nadu,Virudhunagar,9.468872195892564,77.87641469194315,625,1942288,734724,10219,235005,9845,119486,379629,149739,101.0
Tripura,Dhalai,23.781360477941163,91.94654283088232,291,378230,103528,273,5532,907,3006,77969,2897,94.0
Tripura,North Tripura,24.121739755351683,92.17842538226292,292,693947,192621,997,19631,2726,9201,134974,8213,97.0
Tripura,South Tripura,23.211874098057383,91.6065807585568,290,876001,264077,948,20246,3454,12757,196002,6427,96.0
Tripura,West Tripura,23.780166241299337,91.41310788863107,289,1725739,506637,6394,103228,11356,44499,365266,29156,96.0
Uttar Pradesh,Agra,26.99512974910393,78.05278291517321,146,4418797,903823,27183,251013,44989,243761,626023,37112,87.0
Uttar Pradesh,Aligarh,27.93748576850093,78.00146831119557,143,3673889,858059,13634,153283,21667,151973,564776,33059,88.0
Uttar Pradesh,Allahabad,25.392038662316445,82.05172446982063,175,5954391,1248570,24122,204357,41965,243219,853641,34772,90.0
Uttar Pradesh,Ambedkar Nagar,26.39119025974028,82.68282142857147,178,2397888,566590,2509,21512,9813,60203,357876,4387,98.0
Uttar Pradesh,Auraiya,26.66892394014961,79.42637057356607,162,1379545,314274,2404,32687,5088,35729,240103,6104,86.0
Uttar Pradesh,Azamgarh,26.008290954773837,83.01220251256285,191,4613913,971458,6652,49699,20757,116175,647550,7850,102.0
Uttar Pradesh,Baghpat,29.045793499999988,77.30266300000001,139,1303048,316046,2989,44732,13301,42998,196311,6261,86.0
Uttar Pradesh,Bahraich,27.691776300578027,81.46779783237004,180,3487731,760262,2681,38940,13451,51784,582513,7619,89.0
Uttar Pradesh,Ballia,25.86075638297873,84.03651978723408,193,3239774,629381,4672,62157,10846,65467,472507,5795,94.0
Uttar Pradesh,Balrampur,27.449076537911324,82.47158326180256,182,2148665,445838,1551,16229,6167,37816,314737,4279,93.0
Uttar Pradesh,Banda,25.351885902503284,80.52487391304344,170,1799410,445625,1655,26907,5202,32236,312553,6773,86.0
Uttar Pradesh,Bara Banki,26.922777025232424,81.35762350597606,176,3260699,714908,3159,60554,11935,91664,554258,8736,91.0
Uttar Pradesh,Bareilly,28.51101940789474,79.43187072368416,150,4448359,994411,15164,210687,24436,159838,698240,36162,89.0
Uttar Pradesh,Basti,26.833880454545447,82.69790590909092,185,2464464,545025,3423,37593,11477,66316,372178,5089,96.0
Uttar Pradesh,Bijnor,29.313974259681096,78.45098815489754,134,3682713,908523,7303,128042,17143,131278,604085,17110,92.0
Uttar Pradesh,Bulandshahr,28.34875862068968,78.01082758620684,142,3499171,880077,7865,124641,20979,136765,549364,26299,90.0
Uttar Pradesh,Chandauli,25.1180859611231,83.25307062634984,196,1952756,395759,3492,32433,7313,49064,283240,9071,92.0
Uttar Pradesh,Chitrakoot,25.159924623803,81.07666087551297,171,991730,230795,827,11637,2805,17911,162755,3009,88.0
Uttar Pradesh,Deoria,26.42218856548857,83.8244070686071,190,3100946,665706,4469,60348,13388,84941,463312,6074,102.0
Uttar Pradesh,Etah,27.591155309734443,78.70021858407083,201,1774480,401998,2635,37027,6644,54798,280646,6907,87.0
Uttar Pradesh,Etawah,26.78817670157068,79.07621806282728,161,1581810,351126,2964,47520,7736,47713,261034,10690,87.0
Uttar Pradesh,Faizabad,26.60589185185181,82.00783530864202,177,2470996,589666,4746,58328,15426,74081,403711,10253,96.0
Uttar Pradesh,Farrukhabad,27.45063297872342,79.4406284574468,159,1885204,411490,2624,59209,6765,49592,294748,9374,87.0
Uttar Pradesh,Fatehpur,25.8374362030905,80.85416203090509,172,2632733,636540,3385,43492,16758,59754,460648,8349,90.0
Uttar Pradesh,Firozabad,27.20963993055552,78.42660624999998,147,2498156,535368,5834,100919,10940,85413,379586,28917,88.0
Uttar Pradesh,Gautam Buddha Nagar,28.393311038961038,77.52462467532465,141,1648115,509770,53181,193902,78631,124939,219857,87751,85.0
Uttar Pradesh,Ghaziabad,28.74997308584685,77.67441879350343,140,4681645,1191723,78116,501592,119441,292502,672322,140034,88.0
Uttar Pradesh,Ghazipur,25.624724775583484,83.5360854578097,195,3620268,761640,5309,36798,21169,78218,514080,5915,95.0
Uttar Pradesh,Gonda,27.157215552099505,82.0226888024882,183,3433919,726372,4313,45517,13053,75067,521253,9886,92.0
Uttar Pradesh,Gorakhpur,26.63315886792452,83.3549560377358,188,4440895,951128,14597,149727,30258,157765,666811,22177,95.0
Uttar Pradesh,Hardoi,27.337409090909137,80.26411767676768,155,4092845,907677,3845,60689,12396,82094,697057,7613,87.0
Uttar Pradesh,Jalaun,26.067954587155988,79.36686911314993,165,1689974,396421,2217,42616,7009,58169,276057,9057,87.0
Uttar Pradesh,Jaunpur,25.70141280913127,82.54315351934063,194,4494204,1006670,8002,56508,22876,128471,653913,8271,102.0
Uttar Pradesh,Jhansi,25.45581535234902,78.89954580536917,166,1998603,504913,8517,94342,18860,94539,326556,25466,89.0
Uttar Pradesh,Jyotiba Phule Nagar,28.870498984771597,78.39009365482241,137,1840221,451374,2825,55064,7361,63056,300111,10385,91.0
Uttar Pradesh,Kannauj,26.993988617886185,79.64437940379408,160,1656616,365770,2488,32510,6011,37935,268151,6646,88.0
Uttar Pradesh,Kanpur Dehat,26.43047641196011,79.98710083056478,163,1796184,405256,2682,23831,12752,40159,320512,6125,86.0
Uttar Pradesh,Kaushambi,25.53587532051282,81.41811282051287,174,1599596,380620,1503,22034,4403,35502,271140,3175,91.0
Uttar Pradesh,Kushinagar,26.892530675909864,83.92261542461007,189,3564544,785099,3486,29304,12849,70192,549999,5421,96.0
Uttar Pradesh,Lalitpur,24.58877161016945,78.60082330508473,167,1221592,301832,1079,20720,5511,36718,209129,6708,91.0
Uttar Pradesh,Lucknow,26.838233589251463,80.89706026871404,157,4589838,1061721,68506,469747,90205,337254,688062,107236,92.0
Uttar Pradesh,Mahoba,25.34529670138888,79.67863003472216,169,875958,246823,1316,12874,5755,21276,157367,4536,88.0
Uttar Pradesh,Mainpuri,27.17386862302482,79.03501851015807,148,1868529,411258,2642,43074,7361,53444,301040,7547,88.0
Uttar Pradesh,Mathura,27.59390432801821,77.62153416856502,145,2547184,585290,8726,107867,16580,124260,385642,19001,86.0
Uttar Pradesh,Mau,26.01082203791469,83.50582654028433,192,2205968,451528,2656,40087,7411,47576,313109,5380,98.0
Uttar Pradesh,Meerut,29.02957625698323,77.80611005586593,138,3443689,803823,23717,236071,42392,186553,510035,47594,89.0
Uttar Pradesh,Mirzapur,25.10207959183675,82.60126628571429,199,2496970,543115,4447,43500,10205,63155,381372,6470,90.0
Uttar Pradesh,Moradabad,28.851770406189537,78.73580193423597,135,4772006,1047916,11690,179473,19316,148802,737631,39319,91.0
Uttar Pradesh,Muzaffarnagar,29.470507977736563,77.64017847866423,133,4143512,969850,10077,147785,32866,145278,645420,27173,89.0
Uttar Pradesh,Pilibhit,28.52024175035868,79.90103974175037,151,2031007,461390,2870,47723,7560,55738,349881,7346,89.0
Uttar Pradesh,Pratapgarh,25.864842731707316,81.93530048780492,131,867848,234082,716,17984,2803,31782,171300,5499,98.0
Uttar Pradesh,Pratapgarh,25.864842731707316,81.93530048780492,173,3209141,752786,5149,46358,15781,104506,523892,6378,100.0
Uttar Pradesh,Rae Bareli,26.253902840059787,81.22260463378181,158,3405559,778418,5184,65080,13483,94437,597191,12244,94.0
Uttar Pradesh,Rampur,28.83244727272725,79.10977333333337,136,2335819,539992,3847,62281,14386,73261,373771,14956,91.0
Uttar Pradesh,Saharanpur,30.03381165217392,77.59905147826095,132,3466382,889238,9699,149035,21310,151620,555491,26897,89.0
Uttar Pradesh,Sant Kabir Nagar,26.791596516393444,83.0387764344262,186,1715183,352151,2031,17671,6778,37986,253488,2887,97.0
Uttar Pradesh,Shahjahanpur,27.991389350649328,79.8302275324675,152,3006538,655003,3889,91958,9927,73581,497520,14789,87.0
Uttar Pradesh,Sitapur,27.501995963091108,80.85288881199547,154,4483992,938902,3874,74072,11679,88916,776437,11939,89.0
Uttar Pradesh,Sonbhadra,24.46693268858798,83.06816324951639,200,1862559,428088,5149,40467,10279,50700,288821,19116,92.0
Uttar Pradesh,Sultanpur,26.2846386419753,82.05710456790123,179,3797117,889628,5956,55055,18382,104307,612902,9494,98.0
Uttar Pradesh,Unnao,26.63163990895297,80.636773292868,156,3108367,717356,3476,70484,10191,79130,548851,14029,91.0
Uttar Pradesh,Varanasi,25.36057088888889,82.82529666666672,197,3676841,755064,19214,202055,24216,157861,500257,33976,91.0
Uttaranchal,Almora,29.683532133676103,79.50165064267351,64,622506,281138,1830,40199,3396,6719,123666,12840,114.0
Uttaranchal,Bageshwar,29.98703393393397,79.83954354354357,63,259898,99911,435,13352,1149,2005,53896,3013,109.0
Uttaranchal,Chamoli,30.58338611464965,79.56281095541402,57,391605,186340,899,27853,2516,2311,72625,11202,102.0
Uttaranchal,Champawat,29.29142393939393,80.07720212121217,65,259648,98041,548,18785,1387,5151,44945,5095,98.0
Uttaranchal,Pithoragarh,30.14720631868129,80.34229230769236,62,483439,209943,1344,45365,3008,6136,94192,14522,102.0
Uttaranchal,Tehri Garhwal,30.463700918635173,78.48783792650917,59,618931,254236,1366,50929,4324,9697,114292,13655,108.0
Uttaranchal,Udham Singh Nagar,29.02779577677222,79.45629004524895,67,1648902,414659,7883,116576,16841,88369,255817,30144,92.0
Uttaranchal,Uttarkashi,30.968958552036234,78.56880615384617,56,330086,121209,602,21374,1637,4046,55125,8431,96.0
West Bengal,Bankura,23.081280892857155,87.12640053571437,339,3596674,991400,4273,45126,7898,72350,736418,10490,96.0
West Bengal,Barddhaman,23.444453888888884,87.8150581111111,335,7717563,2227236,32323,292585,46714,263368,1485095,136517,95.0
West Bengal,Birbhum,24.06389342723,87.65153089201888,334,3502404,965609,5210,57010,7305,54557,764002,14309,96.0
West Bengal,Dakshin Dinajpur,25.342094363021435,88.69821679819614,331,1676276,461026,2518,37186,6211,20163,381199,7064,96.0
West Bengal,Darjiling,26.839619571045585,88.33145067024122,327,1846823,518959,10943,141897,15192,39828,305878,48498,97.0
West Bengal,Haora,22.401674174428507,87.99421176968654,341,4850029,1352697,30751,325053,22295,122818,861570,140302,94.0
West Bengal,Hugli,22.87929264705881,88.00010264705891,338,5519145,1640038,31725,319815,24013,167753,1121201,111963,96.0
West Bengal,Jalpaiguri,26.62642031250004,89.04154375000003,328,3872846,1117804,9322,138522,16431,67075,693346,77231,95.0
West Bengal,Kolkata,22.550581481481483,88.3527648148148,342,4496694,1308106,136618,623579,85605,117173,540172,385117,91.0
West Bengal,Maldah,25.08026802575105,88.17191684549356,332,3988845,958996,5357,54213,9639,41600,810212,12496,94.0
West Bengal,Murshidabad,24.25950655391121,88.16816860465121,333,7103807,1851965,7951,92742,14050,74313,1481222,21489,96.0
West Bengal,Nadia,23.56410971055088,88.58293034547152,336,5167600,1549771,12787,168314,18658,76698,1162914,31984,95.0
West Bengal,Puruliya,23.254192328767108,86.3968532876713,340,2930115,752652,3551,30675,6602,49630,546915,13996,96.0
West Bengal,Uttar Dinajpur,26.044619165196977,88.23595232216337,330,3007134,778250,2883,39138,8150,31859,573488,10356,94.0
